wheel-base,length,width,height,curb-weight,engine-size,bore,stroke,compression-ratio,horsepower,peak-rpm,city-mpg,highway-mpg,fuel-type_gas,aspiration_turbo,num-of-doors_two,body-style_hardtop,body-style_hatchback,body-style_sedan,body-style_wagon,drive-wheels_fwd,drive-wheels_rwd
1.1139598799939947,1.4151318936850916,2.5186784928475623,0.8745818210773691,0.9714654051138657,0.056654783672937345,-0.7005101412563024,0.48364919518166355,-0.4137146605025654,0.8761721439049166,0.7772693151953307,-1.2339292481117599,-1.2423938292570373,1,1,0,0,0,1,0,1,0
